{"cameraMode":{"drawMode":0,"name":"Shaded","section":"Shading Mode"},"sceneLighting":true,"audioPlay":false,"sceneViewState":{"m_AlwaysRefresh":false,"showFog":true,"showSkybox":true,"showFlares":true,"showImageEffects":true,"showParticleSystems":true,"showVisualEffectGraphs":true,"m_FxEnabled":true},"in2DMode":false,"pivot":{"x":51.95611572265625,"y":-13.443398475646973,"z":-32.690711975097659},"rotation":{"x":-0.035208478569984439,"y":-0.9241223335266113,"z":0.08787813037633896,"w":-0.37020447850227358},"size":12.12435531616211,"orthographic":false}