{"cameraMode":{"drawMode":0,"name":"Shaded","section":"Shading Mode"},"sceneLighting":true,"audioPlay":false,"sceneViewState":{"m_AlwaysRefresh":false,"showFog":true,"showSkybox":true,"showFlares":true,"showImageEffects":true,"showParticleSystems":true,"showVisualEffectGraphs":true,"m_FxEnabled":true},"in2DMode":false,"pivot":{"x":0.6102927923202515,"y":2.1750540733337404,"z":-3.1851747035980226},"rotation":{"x":0.0009111504186876118,"y":-0.9987717270851135,"z":0.04528482258319855,"w":0.02008487470448017},"size":1.689173936843872,"orthographic":false}